FIRST_NAME,LAST_NAME,SEX,WEIGHT,HEIGHT,DATE_OF_BIRTH,DIABETES_TYPE,ADDRESS,CITY,ZIPCODE,COUNTRY,EMAIL,PHONE_NUMBER,USER_ID,USER_SIGN_UP_TIME,DOCTOR_ID,PASSWORD
Craig,Thompson,M,60,170,11/23/1966,1,,Verkhniy Landekh,21,Russia,cthompson0@quantcast.com,7-(752)544-2243,1,3/4/2016 19:15,159,igVuBeOi
Irene,Murray,F,60,190,5/14/1976,1,,Ryazanskiy,8,Russia,imurray1@chicagotribune.com,7-(403)595-9368,2,3/5/2016 19:15,161,poELEF1A2ApH
Carl,Nguyen,M,81,159,9/28/1969,2,,Huangsha,19,China,cnguyen2@goo.gl,86-(535)688-1364,3,3/6/2016 19:15,159,gYKAGqHzQ
Pamela,Kelley,F,70,184,5/2/2002,1,,Birzai,3,Lithuania,pkelley3@google.it,370-(752)479-5328,4,3/7/2016 19:15,161,9Q2sjLzltP2W
Paul,Cox,M,98,192,5/5/1983,1,,Daxi,2,China,pcox4@umn.edu,86-(132)221-0991,5,3/8/2016 19:15,160,Iq8qgoemDRSg
Daniel,Richards,M,102,161,1/30/2010,1,,Meybod,4,Iran,drichards5@desdev.cn,98-(689)277-1798,6,3/9/2016 19:15,160,XUJH8O
Craig,Romero,M,91,189,9/19/1993,2,Madrid,Fuenlabrada,18,Spain,cromero6@bandcamp.com,34-(796)132-1065,7,3/10/2016 19:15,161,qfO8jrco
Ann,Bailey,F,89,147,2/21/2007,2,,Břasy,2,Czech Republic,abailey7@usda.gov,420-(122)186-4541,8,3/11/2016 19:15,159,SSnJAmkUwrL
Sara,Carter,F,50,182,4/2/1982,2,,Talisay,4,Philippines,scarter8@tmall.com,63-(133)350-2472,9,3/12/2016 19:15,160,bezK4ed
Paula,Alexander,F,96,182,5/31/2002,1,,Zhongpai,17,China,palexander9@sphinn.com,86-(266)235-5741,10,3/13/2016 19:15,160,7Z6bvSvjpBB
Julia,Bryant,F,62,154,9/26/2009,1,,Huayuan,12,China,jbryanta@mapy.cz,86-(879)511-5117,11,3/14/2016 19:15,159,jRHjZjUncW
Jeremy,Crawford,M,103,179,3/2/2007,2,,Zhangcunping,6,China,jcrawfordb@dell.com,86-(591)172-6538,12,3/15/2016 19:15,160,edtyoI
Dennis,Bryant,M,68,178,3/27/1978,1,Viseu,Castro Daire,1,Portugal,dbryantc@craigslist.org,351-(691)514-5156,13,3/16/2016 19:15,160,C47mzo9hr
Ashley,Butler,F,84,185,2/18/1992,1,,Paynjuwayn,9,Iraq,abutlerd@amazonaws.com,964-(304)989-9663,14,3/17/2016 19:15,160,nLY1IYnCfl
Terry,Mccoy,M,76,170,10/12/1973,1,,Kwakoa,2,Tanzania,tmccoye@gmpg.org,255-(125)931-6113,15,3/18/2016 19:15,160,eGXNuy11Jgn
Walter,Chavez,M,66,190,5/11/1987,2,,Xiaomian,9,China,wchavezf@nyu.edu,86-(488)610-8317,16,3/19/2016 19:15,161,arFn8YSY
Charles,Simmons,M,72,151,8/8/1990,2,,Fuzhiping,13,China,csimmonsg@newsvine.com,86-(765)191-9558,17,3/20/2016 19:15,161,AcZZzJqbOgvy
Ralph,Hill,M,72,180,12/31/1973,1,,Placer,2,Philippines,rhillh@dion.ne.jp,63-(867)465-1545,18,3/21/2016 19:15,160,YrjFiB
Maria,Moreno,F,96,178,9/12/1969,1,Perak,Ipoh,11,Malaysia,mmorenoi@cpanel.net,60-(137)741-5028,19,3/22/2016 19:15,161,xWHtSNuNYa7
Amy,Elliott,F,73,190,2/20/1972,2,,Haitang,20,China,aelliottj@comsenz.com,86-(299)563-2327,20,3/23/2016 19:15,160,UHv0aZo4giU
Robert,Little,M,56,154,12/7/1991,1,,Las Higueras,13,Argentina,rlittlek@china.com.cn,54-(313)804-4587,21,3/24/2016 19:15,160,c1ZrmuAuV
Heather,Chapman,F,56,152,3/16/1986,1,,Terezín,7,Czech Republic,hchapmanl@irs.gov,420-(675)763-9501,22,3/25/2016 19:15,161,r0XPFkF4KqZv
Amy,Mills,F,88,192,8/29/2001,1,,Konsoy,10,Tajikistan,amillsm@cloudflare.com,992-(154)585-2057,23,3/26/2016 19:15,160,mall5T8IX4
Doris,Coleman,F,67,179,10/17/2006,1,,Sindangkerta,7,Indonesia,dcolemann@webmd.com,62-(574)942-0518,24,3/27/2016 19:15,161,mDxaJ1aPehh
Michelle,Marshall,F,97,138,3/18/1965,2,,Dongmaku,19,China,mmarshallo@reuters.com,86-(229)765-4906,25,3/28/2016 19:15,159,cX1ezc7lLp5
Sharon,Baker,F,76,150,2/23/1995,1,,Caruaru,19,Brazil,sbakerp@ovh.net,55-(846)809-8168,26,3/29/2016 19:15,160,91zP77uqq
Harry,Edwards,M,92,137,11/19/1981,1,Alabama,Montgomery,11,United States,hedwardsq@mashable.com,1-(334)116-8001,27,3/30/2016 19:15,161,j84otd
Brian,Watson,M,77,151,10/31/1981,1,Chihuahua,Benito Juarez,13,Mexico,bwatsonr@arstechnica.com,52-(544)688-1537,28,3/31/2016 19:15,159,xjUqeMduPMyn
Mildred,Morrison,F,77,190,4/18/1975,1,,Gojō,4,Japan,mmorrisons@oracle.com,81-(777)437-5958,29,4/1/2016 19:15,161,y2svJ8yiVV
Craig,Arnold,M,79,173,9/8/1989,1,,Prigrevica,10,Serbia,carnoldt@tuttocitta.it,381-(227)798-4705,30,4/2/2016 19:15,161,FnThRE
Sharon,Elliott,F,60,181,4/15/1973,2,Guerrero,La Esperanza,21,Mexico,selliottu@moonfruit.com,52-(831)777-7776,31,4/3/2016 19:15,161,FqkWHq8
Janet,Chapman,F,85,174,5/9/1968,2,,Tiang,2,Indonesia,jchapmanv@upenn.edu,62-(227)464-9226,32,4/4/2016 19:15,159,3yBvPSObt
Ann,Hernandez,F,88,168,8/29/1996,2,,Toužim,20,Czech Republic,ahernandezw@youtu.be,420-(560)431-7143,33,4/5/2016 19:15,160,40hV9cc
Bonnie,Hamilton,F,110,138,6/21/2000,1,Santarém,Ferreira do Zêzere,15,Portugal,bhamiltonx@mail.ru,351-(123)418-4809,34,4/6/2016 19:15,160,28wEq68s3I9
Bruce,Hicks,M,102,177,12/27/1976,2,,Deskle,12,Slovenia,bhicksy@tumblr.com,386-(338)279-4456,35,4/7/2016 19:15,161,rk4ycJ
Irene,Romero,F,61,137,9/30/1976,2,,Nanxing,10,China,iromeroz@ycombinator.com,86-(872)518-3590,36,4/8/2016 19:15,159,RW2VkyVl
Sarah,Ford,F,53,182,9/7/1965,2,,Huaping,21,China,sford10@lycos.com,86-(179)536-6760,37,4/9/2016 19:15,160,ORaSJoXOe
Irene,Baker,F,56,148,11/10/1974,1,,Nāḩiyat Alī ash Sharqī,4,Iraq,ibaker11@furl.net,964-(375)803-2453,38,4/10/2016 19:15,159,avLVhcY
Mark,Hanson,M,53,142,10/25/2000,2,Veracruz Llave,Santa Rosa,18,Mexico,mhanson12@ibm.com,52-(886)825-5807,39,4/11/2016 19:15,159,m3OQOSnJj
Walter,Wood,M,53,160,12/17/2000,1,,Jiangguanchi,21,China,wwood13@usatoday.com,86-(699)485-8356,40,4/12/2016 19:15,160,uf0J3x
Rose,Graham,F,98,180,12/2/2006,2,,Zhanjia,15,China,rgraham14@indiegogo.com,86-(710)160-0352,41,4/13/2016 19:15,160,IYVImnfUjsC
Karen,Richards,F,71,169,12/16/1996,1,,Cipondok,20,Indonesia,krichards15@google.com,62-(650)195-4969,42,4/14/2016 19:15,161,yepeNBLd
Margaret,Evans,F,82,176,6/13/1967,2,,Artemisa,11,Cuba,mevans16@bloglovin.com,53-(877)344-1761,43,4/15/2016 19:15,161,abY4EO
Kevin,Stevens,M,90,147,8/27/1965,1,,Dvin,13,Armenia,kstevens17@prweb.com,374-(727)116-8957,44,4/16/2016 19:15,160,GS5rcj0pxu
Margaret,Fuller,F,71,176,10/3/1999,2,,Dayangzhou,6,China,mfuller18@japanpost.jp,86-(733)457-8161,45,4/17/2016 19:15,161,Mi92XzLLe
Charles,Wood,M,62,192,12/18/1975,1,,La Cesira,20,Argentina,cwood19@google.com.br,54-(344)401-0011,46,4/18/2016 19:15,160,WJvOFWx3
Brian,Bowman,M,77,140,1/8/1975,2,,Senekal,21,South Africa,bbowman1a@example.com,27-(408)196-8908,47,4/19/2016 19:15,161,cRn4wOqUyn7
Anna,Hayes,F,74,175,4/4/1977,2,,São Luiz Gonzaga,10,Brazil,ahayes1b@shareasale.com,55-(673)237-8432,48,4/20/2016 19:15,161,x0BlvhFOAIn
Alice,Mitchell,F,87,176,7/20/1996,1,,Agrínio,3,Greece,amitchell1c@jalbum.net,30-(132)667-6651,49,4/21/2016 19:15,160,6RbaylbYPPsu
Julie,Chavez,F,79,139,4/11/1965,1,,Longquan,2,China,jchavez1d@opera.com,86-(189)453-2997,50,4/22/2016 19:15,161,XCRonXYqi
